rank,age,job,marital,balance,actual_churn,score_lr,score_rf,avg_score,risk_segment
1,40,management,married,0,1,0.9543,0.73,0.8422,High Risk
2,27,management,single,390,0,0.9594,0.725,0.8422,High Risk
3,36,management,married,495,1,0.9444,0.7,0.8222,High Risk
4,39,technician,married,116,0,0.9167,0.725,0.8208,High Risk
5,29,management,single,1445,1,0.9573,0.68,0.8187,High Risk
6,53,admin.,married,459,0,0.9296,0.695,0.8123,High Risk
7,35,management,divorced,434,0,0.9543,0.67,0.8122,High Risk
8,31,technician,single,2544,1,0.9483,0.67,0.8092,High Risk
9,30,admin.,single,305,1,0.9602,0.625,0.7926,High Risk
10,26,admin.,single,255,1,0.9528,0.58,0.7664,High Risk
11,80,retired,married,8304,0,0.9757,0.545,0.7604,High Risk
12,29,housemaid,single,19,1,0.9642,0.525,0.7446,High Risk
13,69,retired,single,2144,1,0.9832,0.505,0.7441,High Risk
14,60,admin.,married,3735,1,0.9527,0.535,0.7438,High Risk
15,64,housemaid,married,768,0,0.9368,0.53,0.7334,High Risk
16,32,blue-collar,married,889,1,0.9106,0.545,0.7278,High Risk
17,59,self-employed,married,2013,1,0.9356,0.51,0.7228,High Risk
18,52,technician,married,2557,1,0.9193,0.505,0.7122,High Risk
19,34,admin.,married,899,0,0.9166,0.505,0.7108,High Risk
20,40,services,single,1547,0,0.9289,0.48,0.7044,High Risk
21,35,unemployed,married,978,1,0.8733,0.525,0.6991,High Risk
22,41,technician,single,1646,1,0.9485,0.415,0.6818,High Risk
23,70,retired,divorced,4531,0,0.7764,0.53,0.6532,High Risk
24,39,services,married,1970,0,0.8087,0.495,0.6518,High Risk
25,37,blue-collar,married,403,0,0.8888,0.38,0.6344,High Risk
26,69,retired,married,426,1,0.9588,0.31,0.6344,High Risk
27,61,admin.,married,4629,1,0.9019,0.345,0.6235,High Risk
28,36,blue-collar,married,1177,1,0.9206,0.315,0.6178,High Risk
29,51,retired,divorced,1679,1,0.896,0.325,0.6105,High Risk
30,59,retired,divorced,7179,0,0.7839,0.43,0.607,High Risk
31,42,blue-collar,single,1628,0,0.9385,0.265,0.6018,High Risk
32,32,technician,single,6402,0,0.9313,0.255,0.5932,Moderate Risk
33,38,management,single,623,1,0.7502,0.425,0.5876,Moderate Risk
34,56,retired,married,3948,0,0.7352,0.41,0.5726,Moderate Risk
35,43,management,single,1696,1,0.6233,0.52,0.5716,Moderate Risk
36,66,retired,married,2262,0,0.7343,0.405,0.5696,Moderate Risk
37,27,student,single,-148,0,0.7975,0.32,0.5588,Moderate Risk
38,28,admin.,single,14,0,0.6793,0.435,0.5572,Moderate Risk
39,25,management,single,2506,1,0.6508,0.45,0.5504,Moderate Risk
40,47,blue-collar,married,1230,1,0.8981,0.195,0.5466,Moderate Risk
41,70,retired,divorced,6850,0,0.7867,0.305,0.5458,Moderate Risk
42,80,retired,married,8304,1,0.7621,0.32,0.541,Moderate Risk
43,25,student,single,8,1,0.7031,0.375,0.539,Moderate Risk
44,80,retired,married,462,0,0.7322,0.345,0.5386,Moderate Risk
45,66,management,single,6483,0,0.6995,0.37,0.5348,Moderate Risk
46,23,student,single,780,0,0.7276,0.335,0.5313,Moderate Risk
47,27,management,single,446,0,0.6153,0.425,0.5202,Moderate Risk
48,79,retired,married,4738,0,0.667,0.365,0.516,Moderate Risk
49,33,management,single,3170,0,0.6394,0.39,0.5147,Moderate Risk
50,40,management,single,1509,0,0.6632,0.36,0.5116,Moderate Risk
51,69,retired,married,473,0,0.7617,0.26,0.5108,Moderate Risk
52,28,management,single,1633,1,0.6329,0.385,0.509,Moderate Risk
53,71,retired,married,14220,1,0.7031,0.31,0.5065,Moderate Risk
54,36,technician,single,197,1,0.5873,0.42,0.5036,Moderate Risk
55,43,management,single,146,0,0.8001,0.205,0.5026,Moderate Risk
56,79,retired,divorced,2628,0,0.709,0.295,0.502,Moderate Risk
57,76,retired,divorced,86,0,0.7906,0.21,0.5003,Moderate Risk
58,62,retired,divorced,0,1,0.8182,0.18,0.4991,Moderate Risk
59,25,student,single,331,1,0.6575,0.34,0.4988,Moderate Risk
60,66,retired,married,4785,0,0.6993,0.295,0.4972,Moderate Risk
61,23,student,single,8494,0,0.7059,0.28,0.493,Moderate Risk
62,33,student,single,5969,0,0.7197,0.265,0.4924,Moderate Risk
63,28,management,single,171,1,0.6269,0.355,0.491,Moderate Risk
64,30,management,single,6495,0,0.612,0.37,0.491,Moderate Risk
65,60,retired,married,197,0,0.7261,0.255,0.4906,Moderate Risk
66,70,retired,married,1164,0,0.6885,0.29,0.4892,Moderate Risk
67,60,retired,married,71188,0,0.7166,0.26,0.4883,Moderate Risk
68,79,retired,married,429,1,0.6732,0.295,0.4841,Moderate Risk
69,70,retired,married,15834,0,0.7478,0.22,0.4839,Moderate Risk
70,32,management,single,347,0,0.6196,0.34,0.4798,Moderate Risk
71,59,retired,divorced,319,0,0.7882,0.17,0.4791,Moderate Risk
72,71,retired,married,4657,1,0.6431,0.315,0.479,Moderate Risk
73,66,admin.,single,10177,0,0.6457,0.31,0.4778,Moderate Risk
74,59,management,married,1831,0,0.598,0.355,0.4765,Moderate Risk
75,27,student,single,8366,0,0.8321,0.12,0.476,Moderate Risk
76,47,management,single,440,0,0.6316,0.32,0.4758,Moderate Risk
77,30,services,single,3485,0,0.5803,0.37,0.4752,Moderate Risk
78,44,admin.,divorced,432,0,0.6436,0.305,0.4743,Moderate Risk
79,54,retired,married,1139,0,0.6746,0.255,0.4648,Moderate Risk
80,41,admin.,single,748,0,0.6914,0.235,0.4632,Moderate Risk
81,25,student,single,1790,0,0.7435,0.18,0.4618,Moderate Risk
82,50,management,divorced,356,0,0.8133,0.11,0.4616,Moderate Risk
83,55,retired,divorced,138,0,0.7914,0.13,0.4607,Moderate Risk
84,46,management,divorced,1297,1,0.6668,0.25,0.4584,Moderate Risk
85,74,retired,married,921,1,0.6851,0.23,0.4576,Moderate Risk
86,27,admin.,married,132,0,0.5272,0.385,0.4561,Moderate Risk
87,28,technician,single,356,0,0.6032,0.3,0.4516,Moderate Risk
88,22,student,single,1161,0,0.5984,0.3,0.4492,Moderate Risk
89,30,technician,single,411,0,0.5925,0.305,0.4488,Moderate Risk
90,44,management,married,1058,1,0.5488,0.345,0.4469,Moderate Risk
91,57,services,divorced,4664,0,0.5878,0.305,0.4464,Moderate Risk
92,26,management,single,1177,0,0.6554,0.235,0.4452,Moderate Risk
93,77,retired,married,610,0,0.7087,0.18,0.4444,Moderate Risk
94,38,technician,single,744,0,0.7283,0.16,0.4442,Moderate Risk
95,32,blue-collar,single,1670,0,0.5029,0.385,0.444,Moderate Risk
96,52,admin.,married,199,0,0.6769,0.205,0.4409,Moderate Risk
97,46,blue-collar,married,4855,0,0.456,0.415,0.4355,Moderate Risk
98,39,services,divorced,282,0,0.5194,0.35,0.4347,Moderate Risk
99,47,housemaid,married,201,0,0.4695,0.395,0.4322,Moderate Risk
100,49,entrepreneur,divorced,32,0,0.6657,0.195,0.4304,Moderate Risk
101,52,services,divorced,238,0,0.7106,0.15,0.4303,Moderate Risk
102,36,entrepreneur,married,6,0,0.5228,0.335,0.4289,Moderate Risk
103,30,student,single,4,0,0.7313,0.125,0.4282,Moderate Risk
104,43,management,married,1429,1,0.6533,0.2,0.4266,Moderate Risk
105,50,management,married,207,0,0.5204,0.33,0.4252,Moderate Risk
106,67,retired,married,701,1,0.7461,0.1,0.423,Moderate Risk
107,57,retired,married,-464,0,0.6588,0.185,0.4219,Moderate Risk
108,33,blue-collar,married,3576,0,0.5838,0.26,0.4219,Moderate Risk
109,46,admin.,divorced,7378,0,0.6686,0.175,0.4218,Moderate Risk
110,52,retired,divorced,353,0,0.7182,0.12,0.4191,Moderate Risk
111,38,management,single,1704,0,0.6874,0.15,0.4187,Moderate Risk
112,19,student,single,0,0,0.6402,0.195,0.4176,Moderate Risk
113,54,management,divorced,3222,0,0.6841,0.15,0.417,Moderate Risk
114,51,self-employed,divorced,10924,0,0.6016,0.23,0.4158,Moderate Risk
115,29,management,single,417,0,0.6411,0.19,0.4156,Moderate Risk
116,81,retired,married,1,0,0.6818,0.14,0.4109,Moderate Risk
117,39,management,married,399,0,0.5715,0.25,0.4108,Moderate Risk
118,25,student,single,1433,0,0.6887,0.13,0.4094,Moderate Risk
119,42,management,married,520,0,0.5933,0.225,0.4092,Moderate Risk
120,65,unknown,married,4717,1,0.5627,0.255,0.4088,Moderate Risk
121,31,management,married,1010,0,0.6456,0.17,0.4078,Moderate Risk
122,25,student,single,1116,0,0.6502,0.165,0.4076,Moderate Risk
123,59,retired,married,1173,0,0.5037,0.31,0.4069,Moderate Risk
124,41,management,single,764,0,0.6245,0.185,0.4048,Moderate Risk
125,31,technician,single,2305,0,0.5893,0.22,0.4046,Moderate Risk
126,34,management,married,3301,1,0.4979,0.31,0.404,Moderate Risk
127,26,management,single,350,0,0.6613,0.145,0.4032,Moderate Risk
128,56,management,divorced,659,0,0.5477,0.255,0.4014,Moderate Risk
129,76,retired,married,2590,0,0.5371,0.265,0.401,Moderate Risk
130,51,management,single,2139,0,0.6712,0.13,0.4006,Moderate Risk
131,31,admin.,married,389,0,0.4958,0.305,0.4004,Moderate Risk
132,29,student,single,2929,0,0.6785,0.12,0.3992,Moderate Risk
133,52,blue-collar,married,2087,1,0.4371,0.36,0.3985,Moderate Risk
134,46,management,single,334,0,0.6665,0.13,0.3982,Moderate Risk
135,35,self-employed,married,980,0,0.591,0.205,0.398,Moderate Risk
136,55,retired,married,159,0,0.6942,0.1,0.3971,Moderate Risk
137,47,technician,married,1167,1,0.4153,0.375,0.3952,Moderate Risk
138,28,student,single,28,0,0.7048,0.085,0.3949,Moderate Risk
139,32,management,married,913,0,0.5195,0.265,0.3922,Moderate Risk
140,42,admin.,single,-247,1,0.5315,0.25,0.3908,Moderate Risk
141,31,technician,single,1970,0,0.5112,0.27,0.3906,Moderate Risk
142,42,technician,married,782,0,0.5268,0.25,0.3884,Moderate Risk
143,58,retired,married,4007,0,0.6315,0.145,0.3882,Moderate Risk
144,44,management,divorced,0,0,0.6902,0.085,0.3876,Moderate Risk
145,39,management,single,416,0,0.6251,0.15,0.3876,Moderate Risk
146,41,admin.,divorced,1088,0,0.574,0.2,0.387,Moderate Risk
147,23,student,single,1021,0,0.5931,0.18,0.3865,Moderate Risk
148,52,unknown,married,142,0,0.5472,0.225,0.3861,Moderate Risk
149,54,housemaid,married,0,0,0.597,0.175,0.386,Moderate Risk
150,40,services,married,17,0,0.4941,0.275,0.3846,Moderate Risk
151,55,entrepreneur,married,8104,0,0.5491,0.22,0.3846,Moderate Risk
152,29,blue-collar,married,15,0,0.4914,0.275,0.3832,Moderate Risk
153,39,admin.,married,722,0,0.5385,0.225,0.3818,Moderate Risk
154,35,management,married,724,1,0.4634,0.3,0.3817,Moderate Risk
155,41,technician,married,0,0,0.4814,0.28,0.3807,Moderate Risk
156,28,self-employed,single,4579,1,0.6302,0.13,0.3801,Moderate Risk
157,57,retired,married,31,0,0.7234,0.035,0.3792,Moderate Risk
158,38,management,single,5244,0,0.6397,0.115,0.3774,Moderate Risk
159,33,management,single,0,0,0.6191,0.135,0.377,Moderate Risk
160,41,housemaid,divorced,22,0,0.6888,0.065,0.3769,Moderate Risk
161,37,admin.,single,2317,0,0.6116,0.14,0.3758,Moderate Risk
162,42,management,married,-34,0,0.624,0.125,0.3745,Moderate Risk
163,54,retired,divorced,0,1,0.6519,0.095,0.3734,Moderate Risk
164,51,management,married,630,0,0.5152,0.23,0.3726,Moderate Risk
165,53,services,divorced,4554,0,0.559,0.185,0.372,Moderate Risk
166,55,management,married,236,0,0.6026,0.14,0.3713,Moderate Risk
167,35,management,single,2975,0,0.6615,0.08,0.3707,Moderate Risk
168,60,unknown,married,7337,0,0.5861,0.155,0.3706,Moderate Risk
169,34,admin.,single,296,0,0.6101,0.13,0.37,Moderate Risk
170,33,admin.,single,894,0,0.639,0.1,0.3695,Moderate Risk
171,55,management,divorced,481,0,0.6182,0.12,0.3691,Moderate Risk
172,31,management,married,623,0,0.5076,0.23,0.3688,Moderate Risk
173,33,technician,single,5235,0,0.561,0.175,0.368,Moderate Risk
174,30,management,married,3134,0,0.48,0.255,0.3675,Moderate Risk
175,34,blue-collar,single,464,0,0.6293,0.105,0.3671,Moderate Risk
176,57,retired,divorced,-331,0,0.5586,0.175,0.3668,Moderate Risk
177,27,services,single,-1,0,0.6222,0.11,0.3661,Moderate Risk
178,39,technician,single,1190,0,0.626,0.105,0.3655,Moderate Risk
179,27,technician,single,808,0,0.6752,0.055,0.3651,Moderate Risk
180,34,management,single,4348,0,0.4799,0.25,0.365,Moderate Risk
181,49,management,divorced,755,1,0.6294,0.1,0.3647,Moderate Risk
182,38,admin.,single,-23,0,0.6321,0.095,0.3636,Moderate Risk
183,34,management,married,606,1,0.5514,0.175,0.3632,Moderate Risk
184,33,management,single,335,0,0.6064,0.12,0.3632,Moderate Risk
185,37,management,single,9,0,0.6407,0.085,0.3628,Moderate Risk
186,37,technician,single,3315,0,0.5289,0.195,0.362,Moderate Risk
187,31,management,married,22546,0,0.4487,0.275,0.3618,Moderate Risk
188,35,housemaid,divorced,39,0,0.6231,0.1,0.3616,Moderate Risk
189,55,retired,married,168,0,0.6926,0.03,0.3613,Moderate Risk
190,40,blue-collar,married,1451,1,0.5071,0.215,0.361,Moderate Risk
191,72,retired,married,763,1,0.667,0.055,0.361,Moderate Risk
192,58,retired,married,235,0,0.6616,0.06,0.3608,Moderate Risk
193,61,retired,married,76,0,0.5657,0.155,0.3604,Moderate Risk
194,40,admin.,single,-1,0,0.6555,0.065,0.3602,Moderate Risk
195,47,technician,married,72,0,0.2691,0.45,0.3596,Moderate Risk
196,30,services,single,566,0,0.5891,0.13,0.3596,Moderate Risk
197,32,management,single,574,0,0.5932,0.125,0.3591,Moderate Risk
198,53,retired,married,665,1,0.6121,0.105,0.3586,Moderate Risk
199,27,services,single,-151,0,0.5669,0.15,0.3584,Moderate Risk
200,33,blue-collar,single,697,1,0.5858,0.13,0.3579,Moderate Risk
201,48,management,single,414,0,0.6554,0.06,0.3577,Moderate Risk
202,44,technician,single,33,0,0.545,0.17,0.3575,Moderate Risk
203,30,unemployed,single,302,1,0.4788,0.235,0.3569,Moderate Risk
204,55,retired,married,3334,1,0.6434,0.07,0.3567,Moderate Risk
205,57,retired,married,75,0,0.653,0.06,0.3565,Moderate Risk
206,31,blue-collar,single,1882,0,0.5776,0.135,0.3563,Moderate Risk
207,54,management,married,2819,0,0.5711,0.14,0.3556,Moderate Risk
208,44,self-employed,single,2734,1,0.5388,0.17,0.3544,Moderate Risk
209,36,management,married,9324,0,0.3737,0.335,0.3544,Moderate Risk
210,37,technician,single,3665,1,0.5584,0.15,0.3542,Moderate Risk
211,34,management,single,6766,0,0.5972,0.11,0.3536,Moderate Risk
212,26,services,single,5533,0,0.5219,0.185,0.3535,Moderate Risk
213,32,management,single,2,1,0.5856,0.12,0.3528,Moderate Risk
214,43,self-employed,single,0,0,0.4353,0.27,0.3526,Moderate Risk
215,55,retired,married,-966,0,0.5099,0.195,0.3525,Moderate Risk
216,34,management,divorced,291,0,0.64,0.065,0.3525,Moderate Risk
217,26,admin.,single,443,0,0.5851,0.12,0.3525,Moderate Risk
218,58,housemaid,married,2705,0,0.5497,0.155,0.3524,Moderate Risk
219,39,admin.,divorced,83,0,0.4948,0.205,0.3499,Low Risk
220,37,services,divorced,260,0,0.4642,0.235,0.3496,Low Risk
221,45,blue-collar,divorced,942,0,0.5779,0.12,0.349,Low Risk
222,52,services,single,1810,0,0.5772,0.115,0.3461,Low Risk
223,33,services,married,478,1,0.4364,0.255,0.3457,Low Risk
224,37,management,single,509,0,0.6013,0.09,0.3456,Low Risk
225,56,housemaid,divorced,1238,1,0.5258,0.165,0.3454,Low Risk
226,58,retired,married,225,0,0.6606,0.03,0.3453,Low Risk
227,66,management,married,1048,0,0.4955,0.195,0.3452,Low Risk
228,57,management,married,0,0,0.4689,0.22,0.3444,Low Risk
229,32,management,divorced,874,1,0.612,0.075,0.3435,Low Risk
230,35,management,married,2682,0,0.4963,0.19,0.3432,Low Risk
231,54,blue-collar,divorced,-182,0,0.5951,0.09,0.3425,Low Risk
232,39,admin.,single,0,0,0.5043,0.18,0.3421,Low Risk
233,53,retired,married,-22,0,0.624,0.06,0.342,Low Risk
234,33,management,single,1998,0,0.6631,0.02,0.3416,Low Risk
235,48,admin.,married,112,0,0.4974,0.185,0.3412,Low Risk
236,30,blue-collar,single,6900,0,0.5855,0.095,0.3402,Low Risk
237,37,management,single,37,0,0.6391,0.04,0.3396,Low Risk
238,33,admin.,single,2557,0,0.5588,0.12,0.3394,Low Risk
239,32,services,single,6145,0,0.5068,0.17,0.3384,Low Risk
240,32,admin.,single,678,1,0.6103,0.065,0.3376,Low Risk
241,49,unknown,married,0,0,0.5948,0.08,0.3374,Low Risk
242,34,technician,married,1539,1,0.5743,0.1,0.3372,Low Risk
243,33,blue-collar,married,26,0,0.5314,0.14,0.3357,Low Risk
244,46,management,married,964,0,0.5058,0.165,0.3354,Low Risk
245,33,management,single,201,0,0.6052,0.065,0.3351,Low Risk
246,54,services,married,386,0,0.4296,0.24,0.3348,Low Risk
247,47,blue-collar,married,2548,0,0.5847,0.085,0.3348,Low Risk
248,38,admin.,married,4196,0,0.4546,0.215,0.3348,Low Risk
249,35,unknown,married,634,0,0.5697,0.1,0.3348,Low Risk
250,60,blue-collar,married,1801,0,0.4768,0.19,0.3334,Low Risk
251,37,admin.,single,-296,0,0.56,0.105,0.3325,Low Risk
252,45,admin.,married,204,1,0.4748,0.19,0.3324,Low Risk
253,43,blue-collar,married,2519,0,0.5543,0.11,0.3322,Low Risk
254,31,technician,divorced,202,0,0.5038,0.16,0.3319,Low Risk
255,55,unemployed,married,4809,0,0.4988,0.165,0.3319,Low Risk
256,36,management,single,553,0,0.6582,0.005,0.3316,Low Risk
257,31,management,single,112,0,0.608,0.055,0.3315,Low Risk
258,32,student,married,1694,0,0.5573,0.105,0.3312,Low Risk
259,58,retired,married,35,0,0.6172,0.045,0.3311,Low Risk
260,37,entrepreneur,single,20453,0,0.5471,0.115,0.331,Low Risk
261,35,housemaid,married,1265,1,0.472,0.19,0.331,Low Risk
262,49,technician,divorced,0,0,0.5366,0.125,0.3308,Low Risk
263,35,entrepreneur,married,0,0,0.5958,0.065,0.3304,Low Risk
264,46,technician,married,405,0,0.4995,0.16,0.3298,Low Risk
265,31,blue-collar,single,2488,0,0.4645,0.195,0.3298,Low Risk
266,44,self-employed,married,313,0,0.4893,0.17,0.3296,Low Risk
267,47,management,married,1890,0,0.5859,0.07,0.3279,Low Risk
268,42,management,divorced,221,0,0.3949,0.26,0.3274,Low Risk
269,26,admin.,single,609,0,0.5937,0.06,0.3268,Low Risk
270,27,management,single,212,0,0.5785,0.075,0.3268,Low Risk
271,38,management,married,223,0,0.5531,0.1,0.3266,Low Risk
272,32,management,single,537,0,0.4031,0.25,0.3266,Low Risk
273,55,self-employed,married,203,0,0.5727,0.08,0.3263,Low Risk
274,26,management,single,63,0,0.5626,0.09,0.3263,Low Risk
275,27,services,single,795,0,0.557,0.095,0.326,Low Risk
276,28,management,single,0,1,0.5267,0.125,0.3258,Low Risk
277,35,student,single,0,0,0.6144,0.035,0.3247,Low Risk
278,35,management,single,0,0,0.5814,0.065,0.3232,Low Risk
279,28,management,single,1466,0,0.5708,0.075,0.3229,Low Risk
280,28,self-employed,single,0,0,0.5537,0.09,0.3218,Low Risk
281,40,management,married,51,0,0.5524,0.09,0.3212,Low Risk
282,38,management,single,0,0,0.5864,0.055,0.3207,Low Risk
283,58,management,divorced,1573,0,0.4656,0.175,0.3203,Low Risk
284,34,entrepreneur,married,1847,0,0.4685,0.17,0.3193,Low Risk
285,55,blue-collar,married,1086,0,0.428,0.21,0.319,Low Risk
286,29,management,single,4210,0,0.5779,0.06,0.3189,Low Risk
287,36,admin.,single,1281,0,0.5924,0.045,0.3187,Low Risk
288,53,admin.,divorced,26,0,0.6263,0.01,0.3182,Low Risk
289,40,services,married,1438,0,0.4407,0.195,0.3178,Low Risk
290,27,unemployed,single,1,0,0.5001,0.135,0.3176,Low Risk
291,30,management,married,931,0,0.5548,0.08,0.3174,Low Risk
292,57,management,married,3250,0,0.5573,0.075,0.3162,Low Risk
293,59,technician,married,1,1,0.5122,0.12,0.3161,Low Risk
294,41,blue-collar,married,121,0,0.5163,0.115,0.3156,Low Risk
295,34,management,married,703,1,0.484,0.145,0.3145,Low Risk
296,38,unemployed,single,0,0,0.5086,0.12,0.3143,Low Risk
297,39,unknown,single,914,0,0.5171,0.11,0.3136,Low Risk
298,41,technician,married,1066,1,0.4567,0.17,0.3134,Low Risk
299,49,management,divorced,1405,0,0.4914,0.135,0.3132,Low Risk
300,46,technician,divorced,-90,1,0.4096,0.215,0.3123,Low Risk
301,38,management,married,950,0,0.5691,0.055,0.3121,Low Risk
302,36,blue-collar,single,168,0,0.4889,0.135,0.312,Low Risk
303,36,technician,married,480,1,0.4738,0.15,0.3119,Low Risk
304,58,management,married,3228,0,0.5736,0.05,0.3118,Low Risk
305,38,management,divorced,0,0,0.4927,0.13,0.3114,Low Risk
306,60,unemployed,divorced,385,0,0.4519,0.17,0.311,Low Risk
307,34,management,single,8038,0,0.567,0.055,0.311,Low Risk
308,33,blue-collar,single,22,0,0.5716,0.05,0.3108,Low Risk
309,32,management,single,787,0,0.5461,0.075,0.3106,Low Risk
310,50,management,married,85,0,0.4258,0.195,0.3104,Low Risk
311,31,management,single,1494,0,0.5153,0.105,0.3102,Low Risk
312,36,management,single,2944,1,0.5704,0.05,0.3102,Low Risk
313,33,admin.,married,640,0,0.5601,0.06,0.3101,Low Risk
314,32,technician,married,4089,0,0.4291,0.19,0.3096,Low Risk
315,32,services,single,48,0,0.4634,0.155,0.3092,Low Risk
316,41,management,married,2885,0,0.5733,0.045,0.3092,Low Risk
317,31,technician,single,23,0,0.5678,0.05,0.3089,Low Risk
318,39,management,divorced,355,0,0.5425,0.075,0.3087,Low Risk
319,58,management,married,16264,0,0.5456,0.07,0.3078,Low Risk
320,56,management,married,15520,0,0.5949,0.02,0.3074,Low Risk
321,49,services,married,400,0,0.4595,0.155,0.3073,Low Risk
322,48,management,married,866,0,0.5493,0.065,0.3072,Low Risk
323,36,management,married,1318,0,0.489,0.125,0.307,Low Risk
324,26,housemaid,married,-759,0,0.4637,0.15,0.3068,Low Risk
325,43,services,divorced,0,0,0.5385,0.075,0.3067,Low Risk
326,42,blue-collar,divorced,0,0,0.5361,0.075,0.3056,Low Risk
327,38,entrepreneur,married,170,1,0.4797,0.13,0.3048,Low Risk
328,47,admin.,married,2,0,0.5596,0.05,0.3048,Low Risk
329,43,management,married,2886,0,0.5742,0.035,0.3046,Low Risk
330,46,management,single,593,0,0.5619,0.045,0.3034,Low Risk
331,59,management,married,1727,1,0.4608,0.145,0.3029,Low Risk
332,31,entrepreneur,married,5191,0,0.5445,0.06,0.3022,Low Risk
333,56,retired,married,1333,0,0.5238,0.08,0.3019,Low Risk
334,26,management,married,265,0,0.5229,0.08,0.3014,Low Risk
335,50,blue-collar,married,2142,0,0.5178,0.085,0.3014,Low Risk
336,30,admin.,married,400,0,0.5,0.1,0.3,Low Risk
337,35,self-employed,married,670,0,0.514,0.085,0.2995,Low Risk
338,61,retired,married,1060,0,0.4036,0.195,0.2993,Low Risk
339,33,technician,married,359,0,0.5381,0.06,0.2991,Low Risk
340,30,blue-collar,single,445,0,0.5279,0.07,0.299,Low Risk
341,37,technician,divorced,23,0,0.5723,0.025,0.2987,Low Risk
342,37,admin.,married,11303,0,0.5123,0.085,0.2986,Low Risk
343,41,technician,divorced,52,0,0.5767,0.02,0.2984,Low Risk
344,26,services,single,256,0,0.4919,0.105,0.2984,Low Risk
345,42,entrepreneur,married,0,0,0.5755,0.02,0.2978,Low Risk
346,38,technician,single,0,0,0.5854,0.01,0.2977,Low Risk
347,27,admin.,married,-517,0,0.504,0.09,0.297,Low Risk
348,39,admin.,single,163,0,0.5432,0.05,0.2966,Low Risk
349,38,blue-collar,married,2008,0,0.4182,0.175,0.2966,Low Risk
350,31,management,married,6290,0,0.5479,0.045,0.2965,Low Risk
351,46,admin.,married,96,0,0.4926,0.1,0.2963,Low Risk
352,31,technician,single,-162,0,0.5226,0.07,0.2963,Low Risk
353,51,services,married,867,0,0.447,0.145,0.296,Low Risk
354,31,technician,single,4888,0,0.4563,0.135,0.2956,Low Risk
355,52,management,married,-1224,0,0.471,0.12,0.2955,Low Risk
356,33,blue-collar,married,331,0,0.4997,0.09,0.2948,Low Risk
357,52,unknown,married,247,0,0.5036,0.085,0.2943,Low Risk
358,32,management,single,131,0,0.4386,0.15,0.2943,Low Risk
359,34,technician,single,174,0,0.5079,0.08,0.294,Low Risk
360,34,admin.,single,846,0,0.5471,0.04,0.2936,Low Risk
361,39,technician,married,994,0,0.5067,0.08,0.2934,Low Risk
362,47,management,married,286,0,0.4864,0.1,0.2932,Low Risk
363,38,technician,married,3234,1,0.5009,0.085,0.293,Low Risk
364,33,services,married,0,0,0.2804,0.305,0.2927,Low Risk
365,49,unemployed,divorced,66,0,0.479,0.105,0.292,Low Risk
366,50,blue-collar,married,579,0,0.4485,0.135,0.2918,Low Risk
367,37,blue-collar,divorced,511,0,0.4684,0.115,0.2917,Low Risk
368,41,self-employed,married,231,1,0.5476,0.035,0.2913,Low Risk
369,53,technician,married,65,0,0.4675,0.115,0.2912,Low Risk
370,31,management,married,625,0,0.4669,0.115,0.291,Low Risk
371,57,admin.,married,-967,0,0.3766,0.205,0.2908,Low Risk
372,35,admin.,single,847,0,0.5559,0.025,0.2904,Low Risk
373,35,blue-collar,married,305,0,0.4537,0.125,0.2894,Low Risk
374,43,management,married,13044,0,0.5333,0.045,0.2892,Low Risk
375,34,technician,single,943,0,0.5174,0.06,0.2887,Low Risk
376,57,services,married,10,0,0.4916,0.085,0.2883,Low Risk
377,43,management,married,690,0,0.4841,0.09,0.287,Low Risk
378,34,technician,single,440,0,0.5187,0.055,0.2869,Low Risk
379,43,blue-collar,married,130,0,0.5331,0.04,0.2866,Low Risk
380,39,blue-collar,single,6,0,0.4723,0.1,0.2862,Low Risk
381,30,blue-collar,single,4,0,0.336,0.235,0.2855,Low Risk
382,34,admin.,married,96,0,0.5087,0.06,0.2844,Low Risk
383,40,technician,married,1270,0,0.4568,0.11,0.2834,Low Risk
384,58,management,divorced,1533,0,0.4768,0.09,0.2834,Low Risk
385,55,blue-collar,married,3873,0,0.4359,0.13,0.283,Low Risk
386,32,admin.,single,116,0,0.4546,0.11,0.2823,Low Risk
387,26,services,single,209,0,0.4718,0.09,0.2809,Low Risk
388,59,management,single,671,0,0.4218,0.14,0.2809,Low Risk
389,36,technician,single,0,0,0.4913,0.07,0.2806,Low Risk
390,32,services,single,152,1,0.4705,0.09,0.2802,Low Risk
391,34,housemaid,married,2929,1,0.4997,0.06,0.2798,Low Risk
392,40,self-employed,married,642,0,0.5229,0.035,0.279,Low Risk
393,54,management,divorced,1295,0,0.4918,0.065,0.2784,Low Risk
394,32,technician,single,259,0,0.556,0.0,0.278,Low Risk
395,32,housemaid,married,357,0,0.4908,0.065,0.2779,Low Risk
396,42,entrepreneur,married,149,0,0.4804,0.075,0.2777,Low Risk
397,52,management,married,0,0,0.5149,0.04,0.2775,Low Risk
398,30,technician,single,6619,0,0.4291,0.125,0.277,Low Risk
399,47,entrepreneur,married,668,0,0.5037,0.05,0.2769,Low Risk
400,51,management,married,712,0,0.4682,0.085,0.2766,Low Risk
401,34,blue-collar,married,2542,0,0.4071,0.145,0.276,Low Risk
402,29,technician,single,2485,0,0.4965,0.055,0.2758,Low Risk
403,46,blue-collar,married,1291,0,0.4501,0.1,0.275,Low Risk
404,29,admin.,single,428,0,0.4235,0.125,0.2742,Low Risk
405,43,technician,married,297,0,0.388,0.16,0.274,Low Risk
406,39,self-employed,married,266,0,0.4976,0.05,0.2738,Low Risk
407,35,technician,single,-51,0,0.3708,0.175,0.2729,Low Risk
408,55,retired,married,1467,0,0.5156,0.03,0.2728,Low Risk
409,55,blue-collar,married,2275,0,0.3549,0.19,0.2724,Low Risk
410,31,technician,single,373,0,0.5092,0.035,0.2721,Low Risk
411,57,retired,married,523,0,0.4988,0.045,0.2719,Low Risk
412,40,services,married,51,0,0.4086,0.135,0.2718,Low Risk
413,53,technician,married,9146,0,0.4584,0.085,0.2717,Low Risk
414,33,management,married,11,0,0.4331,0.11,0.2716,Low Risk
415,38,technician,single,4366,0,0.4722,0.07,0.2711,Low Risk
416,46,admin.,married,466,0,0.462,0.08,0.271,Low Risk
417,32,blue-collar,married,1005,0,0.4816,0.06,0.2708,Low Risk
418,36,technician,divorced,666,0,0.5058,0.035,0.2704,Low Risk
419,48,admin.,married,191,0,0.4651,0.075,0.27,Low Risk
420,40,self-employed,married,2,0,0.4492,0.09,0.2696,Low Risk
421,49,entrepreneur,married,687,1,0.459,0.08,0.2695,Low Risk
422,26,admin.,single,236,0,0.3684,0.17,0.2692,Low Risk
423,35,services,married,128,0,0.4019,0.135,0.2684,Low Risk
424,48,blue-collar,married,574,0,0.4814,0.055,0.2682,Low Risk
425,57,housemaid,married,50,0,0.5055,0.03,0.2678,Low Risk
426,34,management,married,436,0,0.5004,0.035,0.2677,Low Risk
427,42,management,married,2187,1,0.4737,0.06,0.2669,Low Risk
428,45,management,divorced,959,0,0.4732,0.06,0.2666,Low Risk
429,33,blue-collar,married,3074,0,0.4528,0.08,0.2664,Low Risk
430,32,blue-collar,married,1905,1,0.3926,0.14,0.2663,Low Risk
431,44,management,married,1242,0,0.4435,0.085,0.2642,Low Risk
432,45,technician,married,1410,0,0.4776,0.05,0.2638,Low Risk
433,36,management,married,27359,0,0.2971,0.23,0.2636,Low Risk
434,26,technician,single,7,0,0.4666,0.06,0.2633,Low Risk
435,42,self-employed,married,0,0,0.4913,0.035,0.2632,Low Risk
436,37,self-employed,married,0,0,0.346,0.18,0.263,Low Risk
437,40,entrepreneur,married,1729,0,0.4905,0.035,0.2628,Low Risk
438,39,blue-collar,married,0,0,0.4103,0.115,0.2626,Low Risk
439,34,self-employed,married,1972,0,0.44,0.085,0.2625,Low Risk
440,31,services,single,469,0,0.4247,0.1,0.2624,Low Risk
441,57,housemaid,married,158,0,0.4744,0.05,0.2622,Low Risk
442,37,admin.,married,0,0,0.504,0.02,0.262,Low Risk
443,35,admin.,married,0,0,0.3985,0.125,0.2618,Low Risk
444,48,blue-collar,married,1678,0,0.438,0.085,0.2615,Low Risk
445,31,admin.,married,2304,0,0.4477,0.075,0.2613,Low Risk
446,34,management,single,318,0,0.3723,0.15,0.2612,Low Risk
447,30,blue-collar,single,1073,0,0.4758,0.045,0.2604,Low Risk
448,49,technician,married,1843,0,0.43,0.09,0.26,Low Risk
449,35,entrepreneur,single,475,0,0.4096,0.11,0.2598,Low Risk
450,25,management,married,-242,1,0.4287,0.09,0.2594,Low Risk
451,45,management,married,-192,0,0.4787,0.04,0.2594,Low Risk
452,59,services,married,204,0,0.4789,0.04,0.2594,Low Risk
453,44,admin.,single,2524,0,0.4359,0.08,0.258,Low Risk
454,25,entrepreneur,single,16874,0,0.3953,0.12,0.2576,Low Risk
455,40,technician,single,641,0,0.5103,0.005,0.2576,Low Risk
456,44,blue-collar,married,878,0,0.4348,0.08,0.2574,Low Risk
457,37,blue-collar,married,2023,0,0.4194,0.095,0.2572,Low Risk
458,30,student,single,34,0,0.5043,0.01,0.2572,Low Risk
459,33,technician,married,75,0,0.4539,0.06,0.257,Low Risk
460,39,technician,married,14,0,0.4835,0.03,0.2568,Low Risk
461,58,housemaid,married,0,0,0.442,0.07,0.256,Low Risk
462,40,management,married,419,0,0.3962,0.115,0.2556,Low Risk
463,40,admin.,married,168,0,0.4755,0.035,0.2552,Low Risk
464,48,unemployed,divorced,1266,0,0.4144,0.095,0.2547,Low Risk
465,59,housemaid,married,345,0,0.3687,0.14,0.2544,Low Risk
466,33,admin.,single,-300,0,0.3839,0.125,0.2544,Low Risk
467,32,admin.,married,923,0,0.4129,0.095,0.254,Low Risk
468,46,self-employed,married,390,0,0.4081,0.1,0.254,Low Risk
469,44,management,married,438,0,0.433,0.075,0.254,Low Risk
470,36,management,married,-296,0,0.4577,0.05,0.2538,Low Risk
471,47,admin.,married,1934,0,0.4025,0.105,0.2538,Low Risk
472,31,blue-collar,married,401,0,0.457,0.05,0.2535,Low Risk
473,52,blue-collar,married,230,0,0.4066,0.1,0.2533,Low Risk
474,35,technician,married,13,0,0.4511,0.055,0.253,Low Risk
475,44,entrepreneur,married,6649,0,0.4506,0.055,0.2528,Low Risk
476,39,technician,married,1161,0,0.46,0.045,0.2525,Low Risk
477,55,blue-collar,married,1665,0,0.3798,0.125,0.2524,Low Risk
478,45,admin.,married,295,0,0.4646,0.04,0.2523,Low Risk
479,44,blue-collar,divorced,221,0,0.4238,0.08,0.2519,Low Risk
480,40,entrepreneur,married,3571,0,0.3384,0.165,0.2517,Low Risk
481,49,blue-collar,married,-454,1,0.4228,0.08,0.2514,Low Risk
482,31,technician,married,119,0,0.4078,0.095,0.2514,Low Risk
483,50,technician,married,2497,0,0.4276,0.075,0.2513,Low Risk
484,43,admin.,married,264,0,0.4526,0.05,0.2513,Low Risk
485,57,technician,married,1469,0,0.4272,0.075,0.2511,Low Risk
486,37,management,married,4039,0,0.371,0.13,0.2505,Low Risk
487,45,blue-collar,married,2433,0,0.4632,0.035,0.2491,Low Risk
488,37,admin.,married,0,0,0.4931,0.005,0.249,Low Risk
489,46,management,married,1375,0,0.478,0.02,0.249,Low Risk
490,49,management,married,1623,1,0.4578,0.04,0.2489,Low Risk
491,33,admin.,married,1158,0,0.4376,0.06,0.2488,Low Risk
492,53,management,married,37,0,0.4571,0.04,0.2486,Low Risk
493,47,technician,divorced,2914,0,0.3613,0.135,0.2482,Low Risk
494,31,technician,married,636,1,0.3963,0.1,0.2482,Low Risk
495,25,services,single,402,0,0.4105,0.085,0.2478,Low Risk
496,50,self-employed,married,36,0,0.4036,0.09,0.2468,Low Risk
497,28,management,married,3694,0,0.3828,0.11,0.2464,Low Risk
498,30,admin.,married,0,0,0.4777,0.015,0.2464,Low Risk
499,56,retired,married,-113,0,0.4668,0.025,0.2459,Low Risk
500,26,self-employed,married,479,0,0.4363,0.055,0.2456,Low Risk
501,33,services,married,4789,0,0.2807,0.21,0.2454,Low Risk
502,50,technician,divorced,-701,0,0.3507,0.14,0.2454,Low Risk
503,56,management,married,238,0,0.4793,0.01,0.2446,Low Risk
504,34,management,married,297,0,0.4331,0.055,0.244,Low Risk
505,45,services,divorced,-179,0,0.3964,0.09,0.2432,Low Risk
506,55,retired,divorced,1580,1,0.4458,0.04,0.2429,Low Risk
507,47,services,divorced,164,0,0.4057,0.08,0.2428,Low Risk
508,34,management,single,618,0,0.3552,0.13,0.2426,Low Risk
509,51,blue-collar,married,160,0,0.4553,0.03,0.2426,Low Risk
510,56,unemployed,divorced,109,0,0.4302,0.055,0.2426,Low Risk
511,37,technician,single,5436,0,0.3943,0.09,0.2421,Low Risk
512,56,blue-collar,married,379,0,0.4241,0.06,0.242,Low Risk
513,53,management,married,146,0,0.3522,0.13,0.2411,Low Risk
514,56,unemployed,married,3391,1,0.349,0.13,0.2395,Low Risk
515,47,blue-collar,married,233,0,0.4482,0.03,0.2391,Low Risk
516,59,self-employed,married,0,0,0.3677,0.11,0.2388,Low Risk
517,41,blue-collar,married,1459,0,0.3025,0.175,0.2388,Low Risk
518,50,services,married,1572,0,0.4268,0.05,0.2384,Low Risk
519,37,management,divorced,168,0,0.4068,0.07,0.2384,Low Risk
520,39,blue-collar,married,52,0,0.4603,0.015,0.2376,Low Risk
521,45,blue-collar,divorced,-311,1,0.2895,0.185,0.2372,Low Risk
522,32,technician,married,396,0,0.3992,0.075,0.2371,Low Risk
523,42,technician,married,440,0,0.3678,0.105,0.2364,Low Risk
524,28,blue-collar,single,4229,0,0.3376,0.135,0.2363,Low Risk
525,39,services,married,0,0,0.4114,0.06,0.2357,Low Risk
526,38,housemaid,married,-278,0,0.4408,0.03,0.2354,Low Risk
527,41,technician,married,532,0,0.4459,0.025,0.2354,Low Risk
528,51,entrepreneur,married,5403,0,0.38,0.09,0.235,Low Risk
529,39,admin.,divorced,2903,0,0.3648,0.105,0.2349,Low Risk
530,57,management,married,82,0,0.3744,0.095,0.2347,Low Risk
531,33,admin.,married,69,0,0.3993,0.07,0.2346,Low Risk
532,36,services,married,1746,0,0.429,0.04,0.2345,Low Risk
533,37,technician,married,0,0,0.4388,0.03,0.2344,Low Risk
534,34,admin.,single,18,1,0.4085,0.06,0.2342,Low Risk
535,32,blue-collar,married,34,0,0.4023,0.065,0.2336,Low Risk
536,30,management,single,149,0,0.3769,0.09,0.2334,Low Risk
537,58,blue-collar,divorced,543,0,0.4012,0.065,0.2331,Low Risk
538,35,self-employed,married,524,0,0.3901,0.075,0.2326,Low Risk
539,32,self-employed,married,413,0,0.4188,0.045,0.2319,Low Risk
540,40,blue-collar,married,1012,0,0.4237,0.04,0.2318,Low Risk
541,42,management,divorced,0,0,0.4529,0.01,0.2314,Low Risk
542,54,technician,married,89,0,0.3973,0.065,0.2312,Low Risk
543,36,self-employed,married,189,0,0.4456,0.015,0.2303,Low Risk
544,26,unemployed,single,622,1,0.434,0.025,0.2295,Low Risk
545,41,technician,married,177,0,0.4038,0.055,0.2294,Low Risk
546,35,admin.,married,0,0,0.4566,0.0,0.2283,Low Risk
547,32,management,divorced,1,0,0.3565,0.1,0.2282,Low Risk
548,57,retired,married,1623,0,0.4363,0.02,0.2282,Low Risk
549,32,self-employed,married,3601,0,0.3414,0.115,0.2282,Low Risk
550,36,management,divorced,3611,0,0.3812,0.075,0.2281,Low Risk
551,27,admin.,divorced,76,0,0.3748,0.08,0.2274,Low Risk
552,33,management,single,-67,0,0.3895,0.065,0.2272,Low Risk
553,49,admin.,married,169,0,0.4134,0.04,0.2267,Low Risk
554,33,technician,married,9305,0,0.378,0.075,0.2265,Low Risk
555,57,retired,married,49,0,0.4229,0.03,0.2264,Low Risk
556,53,blue-collar,married,0,0,0.4162,0.035,0.2256,Low Risk
557,40,services,married,1836,1,0.3944,0.055,0.2247,Low Risk
558,42,blue-collar,married,5639,0,0.4033,0.045,0.2242,Low Risk
559,57,technician,divorced,63,0,0.3408,0.105,0.2229,Low Risk
560,30,unemployed,single,-770,0,0.2552,0.19,0.2226,Low Risk
561,34,management,single,872,0,0.375,0.07,0.2225,Low Risk
562,56,housemaid,married,306,0,0.3744,0.07,0.2222,Low Risk
563,37,services,married,658,0,0.3692,0.075,0.2221,Low Risk
564,35,admin.,married,786,0,0.3591,0.085,0.222,Low Risk
565,52,blue-collar,married,1117,0,0.4279,0.015,0.2214,Low Risk
566,56,services,married,83,0,0.3515,0.09,0.2208,Low Risk
567,51,management,married,176,0,0.2167,0.225,0.2208,Low Risk
568,47,unemployed,married,3188,0,0.3051,0.135,0.22,Low Risk
569,31,management,married,8312,0,0.3794,0.06,0.2197,Low Risk
570,47,self-employed,married,751,0,0.3635,0.075,0.2192,Low Risk
571,56,management,married,318,0,0.3727,0.065,0.2188,Low Risk
572,52,technician,married,192,0,0.3918,0.045,0.2184,Low Risk
573,41,blue-collar,married,552,0,0.4168,0.02,0.2184,Low Risk
574,52,blue-collar,married,60,0,0.3164,0.12,0.2182,Low Risk
575,39,management,divorced,26,0,0.4109,0.025,0.218,Low Risk
576,35,admin.,divorced,1555,0,0.3961,0.04,0.218,Low Risk
577,59,housemaid,married,0,0,0.3854,0.05,0.2177,Low Risk
578,33,management,married,148,0,0.3437,0.09,0.2168,Low Risk
579,50,blue-collar,married,283,0,0.4131,0.02,0.2166,Low Risk
580,48,technician,married,454,0,0.4179,0.015,0.2164,Low Risk
581,38,blue-collar,married,2240,0,0.3964,0.035,0.2157,Low Risk
582,53,entrepreneur,married,71,0,0.3964,0.035,0.2157,Low Risk
583,34,blue-collar,married,1666,0,0.1904,0.24,0.2152,Low Risk
584,51,admin.,divorced,340,0,0.3943,0.035,0.2146,Low Risk
585,50,blue-collar,married,4108,1,0.394,0.035,0.2145,Low Risk
586,47,blue-collar,married,1203,0,0.4038,0.025,0.2144,Low Risk
587,37,management,married,1698,0,0.2882,0.14,0.2141,Low Risk
588,31,admin.,single,747,1,0.3271,0.1,0.2136,Low Risk
589,52,unknown,married,1317,0,0.3521,0.075,0.2136,Low Risk
590,40,management,married,-7,0,0.3617,0.065,0.2134,Low Risk
591,32,management,married,6217,0,0.3003,0.125,0.2126,Low Risk
592,32,blue-collar,married,329,0,0.3897,0.035,0.2124,Low Risk
593,41,blue-collar,married,951,0,0.3348,0.09,0.2124,Low Risk
594,47,blue-collar,married,320,0,0.4042,0.02,0.2121,Low Risk
595,30,technician,married,1211,0,0.3841,0.04,0.212,Low Risk
596,38,technician,married,0,0,0.4189,0.005,0.212,Low Risk
597,51,blue-collar,married,40,0,0.4133,0.01,0.2116,Low Risk
598,41,technician,married,55,0,0.3781,0.045,0.2116,Low Risk
599,52,technician,single,1308,0,0.3278,0.095,0.2114,Low Risk
600,54,unemployed,married,541,0,0.2819,0.14,0.211,Low Risk
601,50,services,single,72,0,0.3802,0.04,0.2101,Low Risk
602,60,management,married,252,0,0.2943,0.125,0.2096,Low Risk
603,56,blue-collar,married,345,0,0.3989,0.02,0.2094,Low Risk
604,33,blue-collar,married,86,0,0.2214,0.195,0.2082,Low Risk
605,43,blue-collar,married,625,0,0.2263,0.19,0.2082,Low Risk
606,56,management,married,217,0,0.3954,0.02,0.2077,Low Risk
607,30,management,single,162,0,0.3291,0.085,0.207,Low Risk
608,50,services,married,961,0,0.2974,0.115,0.2062,Low Risk
609,48,management,married,1167,1,0.3522,0.06,0.2061,Low Risk
610,35,technician,married,141,0,0.3816,0.03,0.2058,Low Risk
611,36,blue-collar,married,-231,0,0.3106,0.1,0.2053,Low Risk
612,28,blue-collar,single,43,0,0.364,0.045,0.2045,Low Risk
613,40,admin.,single,263,0,0.3736,0.035,0.2043,Low Risk
614,39,services,married,247,0,0.3866,0.02,0.2033,Low Risk
615,42,blue-collar,married,7041,0,0.3313,0.075,0.2032,Low Risk
616,45,technician,married,-149,0,0.3957,0.01,0.2028,Low Risk
617,29,blue-collar,married,486,0,0.365,0.04,0.2025,Low Risk
618,50,technician,divorced,-54,1,0.3647,0.04,0.2024,Low Risk
619,45,admin.,married,644,0,0.3492,0.055,0.2021,Low Risk
620,49,technician,married,323,0,0.3377,0.065,0.2014,Low Risk
621,35,technician,single,470,1,0.3576,0.045,0.2013,Low Risk
622,54,services,married,-22,0,0.3406,0.06,0.2003,Low Risk
623,39,technician,married,626,0,0.3893,0.01,0.1996,Low Risk
624,35,management,married,106,0,0.3885,0.01,0.1992,Low Risk
625,44,blue-collar,married,134,0,0.3927,0.005,0.1988,Low Risk
626,32,entrepreneur,divorced,1121,0,0.3623,0.035,0.1986,Low Risk
627,38,blue-collar,married,1205,0,0.3754,0.02,0.1977,Low Risk
628,41,blue-collar,divorced,2195,0,0.2642,0.13,0.1971,Low Risk
629,28,services,single,2685,0,0.2191,0.175,0.197,Low Risk
630,36,blue-collar,married,1049,1,0.3688,0.025,0.1969,Low Risk
631,42,blue-collar,married,969,0,0.3831,0.01,0.1966,Low Risk
632,43,blue-collar,married,255,0,0.3827,0.01,0.1964,Low Risk
633,41,blue-collar,divorced,664,1,0.351,0.04,0.1955,Low Risk
634,37,unknown,married,1699,0,0.3404,0.05,0.1952,Low Risk
635,35,entrepreneur,married,2643,0,0.3354,0.055,0.1952,Low Risk
636,44,services,single,106,0,0.37,0.02,0.195,Low Risk
637,46,blue-collar,married,-216,0,0.3784,0.01,0.1942,Low Risk
638,41,technician,single,-41,0,0.3529,0.035,0.194,Low Risk
639,44,management,married,415,0,0.2926,0.095,0.1938,Low Risk
640,49,services,married,280,0,0.367,0.02,0.1935,Low Risk
641,48,technician,married,310,0,0.3252,0.06,0.1926,Low Risk
642,26,blue-collar,single,396,0,0.2853,0.1,0.1926,Low Risk
643,48,technician,married,0,0,0.2987,0.085,0.1919,Low Risk
644,32,blue-collar,married,2,0,0.3172,0.065,0.1911,Low Risk
645,49,services,married,5673,0,0.3211,0.06,0.1906,Low Risk
646,34,blue-collar,married,41,0,0.2561,0.125,0.1906,Low Risk
647,42,housemaid,single,5774,0,0.326,0.055,0.1905,Low Risk
648,35,blue-collar,married,793,0,0.3707,0.01,0.1904,Low Risk
649,52,admin.,married,2347,0,0.3707,0.01,0.1904,Low Risk
650,27,services,single,201,0,0.2955,0.085,0.1902,Low Risk
651,41,admin.,single,400,0,0.315,0.065,0.19,Low Risk
652,38,admin.,divorced,156,0,0.3443,0.035,0.1896,Low Risk
653,35,blue-collar,married,422,0,0.3741,0.005,0.1896,Low Risk
654,43,blue-collar,divorced,49,0,0.3035,0.075,0.1892,Low Risk
655,37,services,single,223,0,0.3182,0.06,0.1891,Low Risk
656,41,technician,married,2125,0,0.2531,0.125,0.189,Low Risk
657,55,technician,divorced,61,0,0.3325,0.045,0.1888,Low Risk
658,23,blue-collar,single,8627,0,0.2846,0.09,0.1873,Low Risk
659,33,services,single,-56,0,0.362,0.01,0.186,Low Risk
660,52,blue-collar,married,-133,0,0.2721,0.1,0.186,Low Risk
661,48,management,married,0,0,0.3571,0.015,0.186,Low Risk
662,42,technician,divorced,0,0,0.2416,0.13,0.1858,Low Risk
663,45,management,divorced,220,0,0.3591,0.01,0.1846,Low Risk
664,29,self-employed,married,3931,0,0.2454,0.12,0.1827,Low Risk
665,47,services,married,405,1,0.3253,0.04,0.1826,Low Risk
666,51,technician,married,500,0,0.35,0.015,0.1825,Low Risk
667,27,housemaid,married,4848,0,0.2497,0.115,0.1824,Low Risk
668,28,blue-collar,single,416,0,0.2923,0.07,0.1812,Low Risk
669,42,blue-collar,single,1322,0,0.3323,0.03,0.1811,Low Risk
670,41,technician,married,0,0,0.3067,0.055,0.1808,Low Risk
671,49,entrepreneur,married,1916,0,0.3251,0.035,0.18,Low Risk
672,51,unemployed,married,-13,0,0.335,0.025,0.18,Low Risk
673,41,admin.,single,1020,1,0.3586,0.0,0.1793,Low Risk
674,41,technician,married,13,0,0.3084,0.05,0.1792,Low Risk
675,34,technician,married,550,0,0.3162,0.04,0.1781,Low Risk
676,24,services,married,110,0,0.2594,0.095,0.1772,Low Risk
677,28,technician,single,2269,0,0.3278,0.025,0.1764,Low Risk
678,42,blue-collar,married,260,0,0.3276,0.025,0.1763,Low Risk
679,32,technician,single,4665,1,0.3062,0.045,0.1756,Low Risk
680,48,management,married,6613,0,0.3405,0.01,0.1753,Low Risk
681,36,management,single,3875,0,0.3155,0.035,0.1753,Low Risk
682,46,entrepreneur,married,757,0,0.3048,0.045,0.1749,Low Risk
683,29,technician,single,0,0,0.3182,0.03,0.1741,Low Risk
684,52,entrepreneur,married,0,0,0.3376,0.01,0.1738,Low Risk
685,31,blue-collar,single,2197,0,0.3019,0.045,0.1734,Low Risk
686,35,self-employed,divorced,1354,1,0.3468,0.0,0.1734,Low Risk
687,57,management,married,3431,0,0.3069,0.04,0.1734,Low Risk
688,37,blue-collar,married,11,0,0.3162,0.03,0.1731,Low Risk
689,58,blue-collar,married,0,0,0.2942,0.05,0.1721,Low Risk
690,56,unknown,married,0,0,0.3335,0.01,0.1718,Low Risk
691,26,services,single,512,0,0.2914,0.05,0.1707,Low Risk
692,33,blue-collar,single,92,0,0.284,0.055,0.1695,Low Risk
693,30,technician,married,101,0,0.2585,0.08,0.1693,Low Risk
694,34,blue-collar,single,13683,0,0.3021,0.035,0.1685,Low Risk
695,34,services,single,84,0,0.2913,0.045,0.1682,Low Risk
696,53,blue-collar,married,427,0,0.3073,0.025,0.1662,Low Risk
697,32,blue-collar,single,-255,0,0.2264,0.105,0.1657,Low Risk
698,43,blue-collar,married,232,0,0.2962,0.035,0.1656,Low Risk
699,57,technician,married,0,0,0.2055,0.125,0.1652,Low Risk
700,55,retired,married,2749,0,0.2493,0.08,0.1646,Low Risk
701,42,housemaid,married,14752,0,0.2987,0.03,0.1644,Low Risk
702,33,services,divorced,411,0,0.3177,0.01,0.1638,Low Risk
703,46,management,single,295,0,0.2874,0.04,0.1637,Low Risk
704,34,management,married,0,0,0.2816,0.045,0.1633,Low Risk
705,41,blue-collar,married,-516,0,0.2615,0.065,0.1632,Low Risk
706,31,blue-collar,married,1545,0,0.2554,0.07,0.1627,Low Risk
707,35,admin.,single,2830,0,0.2846,0.04,0.1623,Low Risk
708,57,services,married,162,0,0.2485,0.075,0.1618,Low Risk
709,36,self-employed,married,16,0,0.2681,0.055,0.1616,Low Risk
710,27,services,single,54,1,0.2681,0.055,0.1616,Low Risk
711,35,housemaid,married,20,0,0.3117,0.01,0.1608,Low Risk
712,36,services,single,342,0,0.3114,0.01,0.1607,Low Risk
713,54,blue-collar,married,-932,0,0.2501,0.07,0.16,Low Risk
714,31,admin.,married,236,0,0.2648,0.055,0.1599,Low Risk
715,57,admin.,divorced,887,0,0.3033,0.015,0.1592,Low Risk
716,48,retired,married,5173,0,0.2975,0.02,0.1588,Low Risk
717,49,management,married,362,0,0.2727,0.045,0.1588,Low Risk
718,50,housemaid,married,0,0,0.3026,0.015,0.1588,Low Risk
719,53,entrepreneur,married,22370,0,0.3066,0.01,0.1583,Low Risk
720,40,services,divorced,4384,0,0.2705,0.045,0.1578,Low Risk
721,42,technician,married,2,0,0.2538,0.06,0.1569,Low Risk
722,41,technician,married,0,0,0.3032,0.01,0.1566,Low Risk
723,37,self-employed,married,4153,0,0.2324,0.08,0.1562,Low Risk
724,29,technician,single,778,0,0.291,0.02,0.1555,Low Risk
725,44,technician,divorced,809,0,0.2808,0.03,0.1554,Low Risk
726,49,blue-collar,married,902,0,0.2655,0.045,0.1552,Low Risk
727,24,blue-collar,married,0,0,0.2603,0.05,0.1551,Low Risk
728,55,technician,married,0,0,0.2096,0.1,0.1548,Low Risk
729,50,blue-collar,married,253,0,0.2693,0.04,0.1546,Low Risk
730,49,blue-collar,single,3018,0,0.2931,0.015,0.1541,Low Risk
731,44,services,married,1989,0,0.2429,0.065,0.154,Low Risk
732,48,technician,married,127,0,0.2872,0.02,0.1536,Low Risk
733,59,blue-collar,married,0,0,0.2566,0.05,0.1533,Low Risk
734,40,self-employed,married,167,0,0.2661,0.04,0.153,Low Risk
735,34,services,married,2211,0,0.2845,0.02,0.1522,Low Risk
736,50,services,single,148,0,0.2837,0.02,0.1519,Low Risk
737,53,technician,divorced,751,0,0.2881,0.015,0.1516,Low Risk
738,60,management,married,6313,0,0.2724,0.03,0.1512,Low Risk
739,48,admin.,married,607,0,0.2967,0.005,0.1509,Low Risk
740,56,management,married,21664,0,0.2918,0.01,0.1509,Low Risk
741,43,technician,single,27733,0,0.2854,0.015,0.1502,Low Risk
742,39,self-employed,married,4722,0,0.2452,0.055,0.1501,Low Risk
743,52,technician,married,118,0,0.2383,0.06,0.1492,Low Risk
744,34,technician,married,544,0,0.268,0.03,0.149,Low Risk
745,28,blue-collar,single,0,0,0.2871,0.01,0.1486,Low Risk
746,39,housemaid,married,267,0,0.2701,0.025,0.1476,Low Risk
747,31,technician,married,0,0,0.2499,0.045,0.1474,Low Risk
748,29,services,married,-102,0,0.2592,0.035,0.1471,Low Risk
749,36,admin.,married,465,0,0.2631,0.03,0.1466,Low Risk
750,47,self-employed,married,1121,0,0.2523,0.04,0.1462,Low Risk
751,54,services,married,0,0,0.2916,0.0,0.1458,Low Risk
752,42,blue-collar,married,3068,0,0.2567,0.035,0.1458,Low Risk
753,24,services,married,0,0,0.2252,0.065,0.1451,Low Risk
754,35,unemployed,married,816,0,0.2646,0.025,0.1448,Low Risk
755,50,technician,married,669,0,0.243,0.045,0.144,Low Risk
756,40,services,married,1325,0,0.2763,0.01,0.1432,Low Risk
757,45,services,single,1893,1,0.2415,0.045,0.1432,Low Risk
758,35,management,married,317,0,0.2557,0.03,0.1428,Low Risk
759,32,blue-collar,married,950,0,0.219,0.065,0.142,Low Risk
760,38,admin.,married,3732,0,0.2538,0.03,0.1419,Low Risk
761,49,blue-collar,married,-55,0,0.2733,0.01,0.1416,Low Risk
762,44,management,married,795,0,0.2583,0.025,0.1416,Low Risk
763,32,admin.,married,76,0,0.2479,0.035,0.1415,Low Risk
764,38,blue-collar,married,5092,0,0.1835,0.095,0.1392,Low Risk
765,42,entrepreneur,married,198,0,0.2429,0.035,0.139,Low Risk
766,42,management,married,-189,0,0.2569,0.02,0.1385,Low Risk
767,48,admin.,married,5,0,0.2765,0.0,0.1383,Low Risk
768,53,blue-collar,married,70,0,0.241,0.035,0.138,Low Risk
769,42,services,married,-246,0,0.234,0.04,0.137,Low Risk
770,33,admin.,married,-6,0,0.2631,0.01,0.1366,Low Risk
771,58,housemaid,married,5278,0,0.2458,0.025,0.1354,Low Risk
772,50,services,married,60,0,0.2394,0.03,0.1347,Low Risk
773,34,management,married,1557,0,0.1694,0.1,0.1347,Low Risk
774,51,unemployed,married,1760,0,0.2436,0.025,0.1343,Low Risk
775,55,self-employed,married,-196,0,0.2432,0.025,0.1341,Low Risk
776,38,blue-collar,single,490,0,0.1621,0.105,0.1336,Low Risk
777,40,entrepreneur,married,1416,0,0.2512,0.015,0.1331,Low Risk
778,34,blue-collar,married,470,0,0.2508,0.015,0.1329,Low Risk
779,27,blue-collar,married,818,0,0.1952,0.07,0.1326,Low Risk
780,36,management,married,0,0,0.2631,0.0,0.1316,Low Risk
781,56,services,divorced,1877,0,0.2579,0.005,0.1314,Low Risk
782,54,blue-collar,married,1291,0,0.2526,0.01,0.1313,Low Risk
783,57,blue-collar,married,179,0,0.2615,0.0,0.1308,Low Risk
784,56,admin.,married,1504,0,0.2608,0.0,0.1304,Low Risk
785,34,technician,divorced,0,0,0.1846,0.075,0.1298,Low Risk
786,41,entrepreneur,married,89,0,0.2096,0.05,0.1298,Low Risk
787,26,services,divorced,74,0,0.239,0.02,0.1295,Low Risk
788,54,services,married,88,0,0.2381,0.02,0.129,Low Risk
789,30,management,single,6164,0,0.2431,0.015,0.129,Low Risk
790,55,blue-collar,married,284,0,0.2569,0.0,0.1284,Low Risk
791,49,unemployed,married,-384,0,0.1367,0.12,0.1284,Low Risk
792,58,self-employed,married,1407,0,0.2465,0.01,0.1282,Low Risk
793,55,entrepreneur,married,298,0,0.2333,0.02,0.1267,Low Risk
794,27,services,single,0,0,0.2365,0.015,0.1258,Low Risk
795,36,services,single,760,0,0.2264,0.025,0.1257,Low Risk
796,48,blue-collar,married,157,0,0.2462,0.005,0.1256,Low Risk
797,37,services,married,52,0,0.206,0.045,0.1255,Low Risk
798,37,admin.,married,-107,0,0.245,0.005,0.125,Low Risk
799,39,management,married,1072,0,0.2395,0.01,0.1248,Low Risk
800,29,entrepreneur,married,452,0,0.2391,0.01,0.1246,Low Risk
801,30,services,married,227,0,0.1687,0.08,0.1243,Low Risk
802,54,blue-collar,married,1480,0,0.2436,0.005,0.1243,Low Risk
803,38,blue-collar,married,376,0,0.2369,0.01,0.1234,Low Risk
804,58,management,married,320,0,0.2268,0.02,0.1234,Low Risk
805,35,technician,married,1707,0,0.2115,0.035,0.1232,Low Risk
806,39,unemployed,married,270,0,0.1662,0.08,0.1231,Low Risk
807,34,management,married,293,0,0.231,0.015,0.123,Low Risk
808,36,technician,married,491,0,0.2296,0.015,0.1223,Low Risk
809,36,blue-collar,married,-206,0,0.2243,0.02,0.1222,Low Risk
810,49,blue-collar,married,474,0,0.2239,0.02,0.122,Low Risk
811,37,services,married,0,0,0.2287,0.015,0.1218,Low Risk
812,31,management,married,1183,0,0.2182,0.025,0.1216,Low Risk
813,33,technician,married,181,0,0.2071,0.035,0.121,Low Risk
814,29,management,single,0,0,0.1719,0.07,0.121,Low Risk
815,28,services,single,-427,0,0.1615,0.08,0.1208,Low Risk
816,46,blue-collar,married,668,1,0.2258,0.015,0.1204,Low Risk
817,37,admin.,married,1123,0,0.1901,0.05,0.12,Low Risk
818,41,management,married,251,0,0.2099,0.03,0.12,Low Risk
819,42,management,married,2416,0,0.2289,0.01,0.1194,Low Risk
820,30,blue-collar,single,71,0,0.2187,0.02,0.1194,Low Risk
821,31,services,married,440,0,0.1984,0.04,0.1192,Low Risk
822,28,technician,single,183,0,0.1731,0.065,0.119,Low Risk
823,32,management,married,3935,0,0.2325,0.005,0.1188,Low Risk
824,57,management,married,1052,0,0.2226,0.015,0.1188,Low Risk
825,42,technician,single,344,0,0.2015,0.035,0.1182,Low Risk
826,46,management,divorced,-154,0,0.2312,0.005,0.1181,Low Risk
827,46,entrepreneur,married,242,0,0.2108,0.025,0.1179,Low Risk
828,32,services,married,162,0,0.21,0.025,0.1175,Low Risk
829,56,blue-collar,married,420,0,0.2247,0.01,0.1174,Low Risk
830,41,blue-collar,married,641,0,0.2336,0.0,0.1168,Low Risk
831,53,technician,married,719,0,0.2327,0.0,0.1164,Low Risk
832,29,technician,married,43,0,0.2225,0.01,0.1162,Low Risk
833,31,services,married,388,0,0.2174,0.015,0.1162,Low Risk
834,37,blue-collar,married,395,0,0.2271,0.005,0.116,Low Risk
835,49,technician,married,230,0,0.2108,0.02,0.1154,Low Risk
836,40,services,married,-342,0,0.2145,0.015,0.1148,Low Risk
837,25,blue-collar,married,-76,0,0.2028,0.025,0.1139,Low Risk
838,31,services,married,428,0,0.2123,0.015,0.1136,Low Risk
839,30,technician,single,60,0,0.1666,0.06,0.1133,Low Risk
840,43,blue-collar,married,667,0,0.2212,0.005,0.1131,Low Risk
841,35,admin.,married,8652,0,0.2106,0.015,0.1128,Low Risk
842,34,blue-collar,married,622,0,0.2205,0.005,0.1128,Low Risk
843,46,blue-collar,married,494,0,0.2252,0.0,0.1126,Low Risk
844,31,services,married,413,0,0.2196,0.005,0.1123,Low Risk
845,32,services,married,401,0,0.2091,0.015,0.112,Low Risk
846,36,entrepreneur,married,177,0,0.1962,0.025,0.1106,Low Risk
847,36,technician,married,5902,0,0.1852,0.035,0.1101,Low Risk
848,34,blue-collar,married,1831,0,0.2121,0.005,0.1086,Low Risk
849,45,blue-collar,married,827,0,0.197,0.02,0.1085,Low Risk
850,29,self-employed,married,-76,0,0.2156,0.0,0.1078,Low Risk
851,44,admin.,married,0,0,0.1602,0.055,0.1076,Low Risk
852,31,unemployed,married,3242,0,0.1798,0.035,0.1074,Low Risk
853,31,blue-collar,married,897,0,0.2096,0.005,0.1073,Low Risk
854,39,blue-collar,married,293,0,0.2036,0.01,0.1068,Low Risk
855,48,blue-collar,married,559,0,0.2037,0.01,0.1068,Low Risk
856,39,blue-collar,married,20,0,0.2132,0.0,0.1066,Low Risk
857,42,blue-collar,divorced,47,0,0.202,0.01,0.106,Low Risk
858,44,technician,single,-27,0,0.1663,0.045,0.1056,Low Risk
859,48,blue-collar,married,5366,0,0.1906,0.02,0.1053,Low Risk
860,37,management,married,547,0,0.1651,0.045,0.105,Low Risk
861,35,services,married,1453,0,0.2093,0.0,0.1046,Low Risk
862,49,entrepreneur,married,167,0,0.148,0.06,0.104,Low Risk
863,44,blue-collar,married,420,0,0.2077,0.0,0.1038,Low Risk
864,38,services,married,435,0,0.2065,0.0,0.1032,Low Risk
865,35,technician,married,700,0,0.201,0.005,0.103,Low Risk
866,41,blue-collar,married,0,0,0.1775,0.025,0.1012,Low Risk
867,28,blue-collar,married,131,0,0.1874,0.015,0.1012,Low Risk
868,32,blue-collar,married,415,1,0.1865,0.015,0.1008,Low Risk
869,48,blue-collar,married,131,0,0.1979,0.0,0.099,Low Risk
870,37,blue-collar,married,704,0,0.1975,0.0,0.0988,Low Risk
871,28,unemployed,married,655,0,0.1514,0.045,0.0982,Low Risk
872,46,admin.,married,120,0,0.1803,0.01,0.0952,Low Risk
873,33,blue-collar,married,745,0,0.1905,0.0,0.0952,Low Risk
874,25,technician,single,-80,0,0.1792,0.01,0.0946,Low Risk
875,39,blue-collar,married,879,0,0.1879,0.0,0.094,Low Risk
876,36,blue-collar,married,6,0,0.1738,0.01,0.0919,Low Risk
877,39,blue-collar,married,1045,0,0.1584,0.025,0.0917,Low Risk
878,36,blue-collar,married,70,0,0.1633,0.02,0.0916,Low Risk
879,48,management,married,2294,0,0.1662,0.015,0.0906,Low Risk
880,42,admin.,married,642,0,0.119,0.06,0.0895,Low Risk
881,24,blue-collar,single,111,0,0.1284,0.05,0.0892,Low Risk
882,36,management,married,0,0,0.1631,0.015,0.089,Low Risk
883,47,services,married,51,0,0.1306,0.04,0.0853,Low Risk
884,31,services,married,309,0,0.1444,0.025,0.0847,Low Risk
885,36,management,married,860,0,0.1517,0.015,0.0834,Low Risk
886,44,unemployed,married,304,0,0.1545,0.01,0.0822,Low Risk
887,55,blue-collar,married,989,0,0.116,0.04,0.078,Low Risk
888,51,services,married,0,0,0.1499,0.0,0.075,Low Risk
889,55,services,married,186,0,0.1392,0.01,0.0746,Low Risk
890,36,technician,married,146,0,0.1174,0.03,0.0737,Low Risk
891,40,self-employed,married,1516,0,0.1363,0.005,0.0706,Low Risk
892,41,management,married,437,0,0.1258,0.015,0.0704,Low Risk
893,30,unemployed,married,142,0,0.1279,0.01,0.069,Low Risk
894,38,services,married,-762,0,0.1121,0.025,0.0686,Low Risk
895,37,blue-collar,married,427,0,0.1217,0.01,0.0659,Low Risk
896,44,blue-collar,married,-14,0,0.0997,0.02,0.0598,Low Risk
897,38,blue-collar,married,506,0,0.1176,0.0,0.0588,Low Risk
898,31,admin.,married,355,0,0.1124,0.005,0.0587,Low Risk
899,27,technician,married,1577,0,0.1065,0.01,0.0582,Low Risk
900,32,services,married,132,0,0.1154,0.0,0.0577,Low Risk
901,40,technician,married,109,0,0.1037,0.01,0.0568,Low Risk
902,25,unemployed,married,157,0,0.0667,0.045,0.0558,Low Risk
903,38,unemployed,married,1147,0,0.0631,0.035,0.0491,Low Risk
904,30,blue-collar,married,-518,0,0.0812,0.015,0.0481,Low Risk
905,45,unemployed,married,180,0,0.0691,0.01,0.0395,Low Risk
